{
  "per_building": {
    "Hog_office_Lizzie": {
      "mae": 7.169008963828143,
      "rmse": 13.396579719589548,
      "mape": 11.293683383046323,
      "smape": 10.611004114967539,
      "r2": 0.8185148354691427,
      "mase": 0.8678498040606009,
      "peak_precision": 0.8,
      "peak_recall": 0.8,
      "peak_f1": 0.8000000000000002
    },
    "Hog_office_Myles": {
      "mae": 3.2867964989338536,
      "rmse": 4.758873146641686,
      "mape": 6.88857537651678,
      "smape": 6.825765207641424,
      "r2": 0.9481684990437069,
      "mase": 0.36540088232468887,
      "peak_precision": 0.676923076923077,
      "peak_recall": 0.676923076923077,
      "peak_f1": 0.676923076923077
    },
    "Hog_office_Sydney": {
      "mae": 4.63985027951895,
      "rmse": 7.323275582693567,
      "mape": 3.606051942519596,
      "smape": 3.604758557172322,
      "r2": 0.9150225927720201,
      "mase": 0.5796362619342557,
      "peak_precision": 0.676923076923077,
      "peak_recall": 0.676923076923077,
      "peak_f1": 0.676923076923077
    }
  },
  "macro": {
    "mae": 5.031885247426982,
    "rmse": 8.492909482974932,
    "mape": 7.262770234027567,
    "smape": 7.013842626593761,
    "r2": 0.8939019757616232,
    "mase": 0.6042956494398485,
    "peak_precision": 0.7179487179487181,
    "peak_recall": 0.7179487179487181,
    "peak_f1": 0.7179487179487181
  }
}