{
  "per_building": {
    "Hog_office_Lizzie": {
      "mae": 14.0140789721174,
      "rmse": 17.373153881436632,
      "mape": 21.109160006558543,
      "smape": 18.168341336743072,
      "r2": 0.6947816816364203,
      "mase": 1.6964849327720026,
      "peak_precision": 0.7384615384615385,
      "peak_recall": 0.7384615384615385,
      "peak_f1": 0.7384615384615385
    },
    "Hog_office_Myles": {
      "mae": 10.686358420017536,
      "rmse": 12.901339053558777,
      "mape": 22.28950031088802,
      "smape": 20.692560942127226,
      "r2": 0.6190612892511786,
      "mase": 1.1880275510756102,
      "peak_precision": 0.26153846153846155,
      "peak_recall": 0.26153846153846155,
      "peak_f1": 0.26153846153846155
    },
    "Hog_office_Sydney": {
      "mae": 13.684621798475446,
      "rmse": 17.908425780088425,
      "mape": 9.177804823918938,
      "smape": 9.7563751703636,
      "r2": 0.4918317293232337,
      "mase": 1.7095601253053194,
      "peak_precision": 0.5769230769230769,
      "peak_recall": 0.5769230769230769,
      "peak_f1": 0.5769230769230769
    }
  },
  "macro": {
    "mae": 12.795019730203462,
    "rmse": 16.060972905027942,
    "mape": 17.52548838045517,
    "smape": 16.205759149744633,
    "r2": 0.6018915667369442,
    "mase": 1.5313575363843108,
    "peak_precision": 0.5256410256410257,
    "peak_recall": 0.5256410256410257,
    "peak_f1": 0.5256410256410257
  }
}