{
  "per_building": {
    "Hog_office_Lizzie": {
      "mae": 8.213900340394494,
      "rmse": 10.611503983892804,
      "mape": 13.164529672686086,
      "smape": 11.572584997693786,
      "r2": 0.8861305703583651,
      "mase": 0.9943399201970294,
      "peak_precision": 0.7692307692307693,
      "peak_recall": 0.7692307692307693,
      "peak_f1": 0.7692307692307693
    },
    "Hog_office_Myles": {
      "mae": 4.91975987986399,
      "rmse": 6.977970672607406,
      "mape": 9.357196747216479,
      "smape": 9.349781235254444,
      "r2": 0.8885593055914024,
      "mase": 0.5469412546566319,
      "peak_precision": 0.6384615384615384,
      "peak_recall": 0.6384615384615384,
      "peak_f1": 0.6384615384615384
    },
    "Hog_office_Sydney": {
      "mae": 7.675642372778105,
      "rmse": 9.485416847260405,
      "mape": 5.434724380451104,
      "smape": 5.568840145665459,
      "r2": 0.8574374140369283,
      "mase": 0.95888452964533,
      "peak_precision": 0.5923076923076923,
      "peak_recall": 0.5923076923076923,
      "peak_f1": 0.5923076923076923
    }
  },
  "macro": {
    "mae": 6.936434197678864,
    "rmse": 9.024963834586872,
    "mape": 9.318816933451222,
    "smape": 8.830402126204563,
    "r2": 0.8773757633288986,
    "mase": 0.8333885681663306,
    "peak_precision": 0.6666666666666666,
    "peak_recall": 0.6666666666666666,
    "peak_f1": 0.6666666666666666
  }
}