{
  "per_building": {
    "Hog_office_Lizzie": {
      "mae": 10.868068910166365,
      "rmse": 13.390044289851323,
      "mape": 15.786633020092328,
      "smape": 14.221782965847238,
      "r2": 0.8186918654846004,
      "mase": 1.315642304507389,
      "peak_precision": 0.5923076923076923,
      "peak_recall": 0.5923076923076923,
      "peak_f1": 0.5923076923076923
    },
    "Hog_office_Myles": {
      "mae": 7.186375079138506,
      "rmse": 9.59792419265278,
      "mape": 15.021341621237951,
      "smape": 14.09644042964326,
      "r2": 0.789166236727662,
      "mase": 0.7989261870898117,
      "peak_precision": 0.3,
      "peak_recall": 0.3,
      "peak_f1": 0.3
    },
    "Hog_office_Sydney": {
      "mae": 10.210754637431037,
      "rmse": 13.912667366229094,
      "mape": 6.9030949600259435,
      "smape": 7.239719418239677,
      "r2": 0.693300176702278,
      "mase": 1.2755850497361334,
      "peak_precision": 0.12307692307692308,
      "peak_recall": 0.12307692307692308,
      "peak_f1": 0.12307692307692308
    }
  },
  "macro": {
    "mae": 9.421732875578636,
    "rmse": 12.300211949577731,
    "mape": 12.570356533785407,
    "smape": 11.852647604576726,
    "r2": 0.7670527596381801,
    "mase": 1.1300511804444446,
    "peak_precision": 0.3384615384615384,
    "peak_recall": 0.3384615384615384,
    "peak_f1": 0.3384615384615384
  }
}