{
  "per_building": {
    "Hog_office_Lizzie": {
      "mae": 7.081192174913693,
      "rmse": 11.060313612772848,
      "mape": 8.413061322665868,
      "smape": 8.25843055541961,
      "r2": 0.8762947455751261,
      "mase": 0.857219076237945,
      "peak_precision": 0.5384615384615384,
      "peak_recall": 0.5384615384615384,
      "peak_f1": 0.5384615384615384
    },
    "Hog_office_Myles": {
      "mae": 7.952025316455696,
      "rmse": 17.142612542238208,
      "mape": 16.713602834146286,
      "smape": 14.722258111232222,
      "r2": 0.32742681631774073,
      "mase": 0.8840453212858467,
      "peak_precision": 0.49230769230769234,
      "peak_recall": 0.49230769230769234,
      "peak_f1": 0.49230769230769234
    },
    "Hog_office_Sydney": {
      "mae": 7.772247794399693,
      "rmse": 12.820086567223361,
      "mape": 5.50070794703971,
      "smape": 5.53905401093658,
      "r2": 0.7395798188010895,
      "mase": 0.9709530236910312,
      "peak_precision": 0.43846153846153846,
      "peak_recall": 0.43846153846153846,
      "peak_f1": 0.43846153846153846
    }
  },
  "macro": {
    "mae": 7.601821761923027,
    "rmse": 13.67433757407814,
    "mape": 10.209124034617288,
    "smape": 9.50658089252947,
    "r2": 0.6477671268979854,
    "mase": 0.9040724737382743,
    "peak_precision": 0.4897435897435897,
    "peak_recall": 0.4897435897435897,
    "peak_f1": 0.4897435897435897
  }
}