{
  "per_building": {
    "Hog_office_Lizzie": {
      "mae": 7.395721902570005,
      "rmse": 14.053987103999027,
      "mape": 10.829522539814981,
      "smape": 9.734876550152034,
      "r2": 0.8002658317995606,
      "mase": 0.8952947103869651,
      "peak_precision": 0.7538461538461538,
      "peak_recall": 0.7538461538461538,
      "peak_f1": 0.7538461538461538
    },
    "Hog_office_Myles": {
      "mae": 3.769512466436517,
      "rmse": 6.372418660250699,
      "mape": 7.091834043460225,
      "smape": 7.010905289887341,
      "r2": 0.9070618271158788,
      "mase": 0.41906554957588726,
      "peak_precision": 0.6615384615384615,
      "peak_recall": 0.6615384615384615,
      "peak_f1": 0.6615384615384615
    },
    "Hog_office_Sydney": {
      "mae": 5.446993095512082,
      "rmse": 9.182556215339556,
      "mape": 4.133252942090595,
      "smape": 4.150950311110768,
      "r2": 0.8663958609506596,
      "mase": 0.6804690941431978,
      "peak_precision": 0.6923076923076923,
      "peak_recall": 0.6923076923076923,
      "peak_f1": 0.6923076923076923
    }
  },
  "macro": {
    "mae": 5.537409154839534,
    "rmse": 9.869653993196428,
    "mape": 7.351536508455266,
    "smape": 6.965577383716714,
    "r2": 0.8579078399553662,
    "mase": 0.66494311803535,
    "peak_precision": 0.7025641025641024,
    "peak_recall": 0.7025641025641024,
    "peak_f1": 0.7025641025641024
  }
}