{
  "per_building": {
    "Hog_office_Lizzie": {
      "mae": 3.2087727238309065,
      "rmse": 4.752413498197075,
      "mape": 4.051508276533456,
      "smape": 3.9711608721129625,
      "r2": 0.9771607569943078,
      "mase": 0.3884404097835926,
      "peak_precision": 0.8307692307692308,
      "peak_recall": 0.8307692307692308,
      "peak_f1": 0.8307692307692308
    },
    "Hog_office_Myles": {
      "mae": 2.1293026401298514,
      "rmse": 3.188050176504082,
      "mape": 4.535490856674997,
      "smape": 4.423422748686319,
      "r2": 0.9767386013053029,
      "mase": 0.23671957290088233,
      "peak_precision": 0.7307692307692307,
      "peak_recall": 0.7307692307692307,
      "peak_f1": 0.7307692307692306
    },
    "Hog_office_Sydney": {
      "mae": 2.587920277779303,
      "rmse": 4.124002671867867,
      "mape": 1.931341636058509,
      "smape": 1.9362841757480345,
      "r2": 0.9730517481669456,
      "mase": 0.32329759488519055,
      "peak_precision": 0.7615384615384615,
      "peak_recall": 0.7615384615384615,
      "peak_f1": 0.7615384615384615
    }
  },
  "macro": {
    "mae": 2.641998547246687,
    "rmse": 4.0214887821896745,
    "mape": 3.5061135897556537,
    "smape": 3.4436225988491054,
    "r2": 0.9756503688221855,
    "mase": 0.3161525258565552,
    "peak_precision": 0.7743589743589743,
    "peak_recall": 0.7743589743589743,
    "peak_f1": 0.7743589743589743
  }
}