{
  "per_building": {
    "Hog_office_Lizzie": {
      "mae": 5.02397264920298,
      "rmse": 6.854284869033413,
      "mape": 6.606836345136004,
      "smape": 6.353977800641227,
      "r2": 0.9524908169472257,
      "mase": 0.6081808100974142,
      "peak_precision": 0.7692307692307693,
      "peak_recall": 0.7692307692307693,
      "peak_f1": 0.7692307692307693
    },
    "Hog_office_Myles": {
      "mae": 3.2434845746226544,
      "rmse": 5.2417956105196675,
      "mape": 6.848908549672583,
      "smape": 6.700791929441767,
      "r2": 0.9371151983300914,
      "mase": 0.3605857940271244,
      "peak_precision": 0.6384615384615384,
      "peak_recall": 0.6384615384615384,
      "peak_f1": 0.6384615384615384
    },
    "Hog_office_Sydney": {
      "mae": 3.2123441034045586,
      "rmse": 4.77617979665161,
      "mape": 2.398146127471568,
      "smape": 2.405128808468624,
      "r2": 0.9638545149985447,
      "mase": 0.40130414042950835,
      "peak_precision": 0.6846153846153846,
      "peak_recall": 0.6846153846153846,
      "peak_f1": 0.6846153846153846
    }
  },
  "macro": {
    "mae": 3.8266004424100637,
    "rmse": 5.624086758734897,
    "mape": 5.284630340760051,
    "smape": 5.1532995128505386,
    "r2": 0.9511535100919538,
    "mase": 0.45669024818468235,
    "peak_precision": 0.6974358974358973,
    "peak_recall": 0.6974358974358973,
    "peak_f1": 0.6974358974358973
  }
}