{
  "per_building": {
    "Hog_office_Lizzie": {
      "mae": 3.1617479370374726,
      "rmse": 4.535695373139524,
      "mape": 4.039168070302753,
      "smape": 3.957380017061624,
      "r2": 0.9791962789727284,
      "mase": 0.3827477886401981,
      "peak_precision": 0.8153846153846154,
      "peak_recall": 0.8153846153846154,
      "peak_f1": 0.8153846153846154
    },
    "Hog_office_Myles": {
      "mae": 2.1611207942223705,
      "rmse": 3.259124321322653,
      "mape": 4.561411980792471,
      "smape": 4.449227948441808,
      "r2": 0.9756898642903985,
      "mase": 0.24025687178236788,
      "peak_precision": 0.7538461538461538,
      "peak_recall": 0.7538461538461538,
      "peak_f1": 0.7538461538461538
    },
    "Hog_office_Sydney": {
      "mae": 2.8475547806564583,
      "rmse": 4.218832216365755,
      "mape": 2.0881140546731807,
      "smape": 2.1033013536062284,
      "r2": 0.9717981739985045,
      "mase": 0.35573260111398547,
      "peak_precision": 0.7230769230769231,
      "peak_recall": 0.7230769230769231,
      "peak_f1": 0.723076923076923
    }
  },
  "macro": {
    "mae": 2.7234745039721004,
    "rmse": 4.004550636942644,
    "mape": 3.562898035256135,
    "smape": 3.5033031063698874,
    "r2": 0.9755614390872105,
    "mase": 0.3262457538455172,
    "peak_precision": 0.764102564102564,
    "peak_recall": 0.764102564102564,
    "peak_f1": 0.764102564102564
  }
}