{
  "timestep_features": [
    "lag_1",
    "airTemperature",
    "dewTemperature",
    "cloudCoverage",
    "windSpeed",
    "seaLvlPressure",
    "precipDepth1HR",
    "hour_sin",
    "hour_cos",
    "doy_sin",
    "doy_cos",
    "is_weekend",
    "is_peak_hour",
    "is_holiday"
  ],
  "feat_mean": [
    88.30682482391954,
    8.281254624681411,
    1.5798980514675658,
    4.835649099728685,
    4.267261366439202,
    1015.706848639316,
    0.8316204883663569,
    0.0002711401016494568,
    -0.00027114010164953147,
    0.2090471680064737,
    0.050596749315461584,
    0.2876757378936118,
    0.33322371125544686,
    0.025651566225437804
  ],
  "feat_std": [
    40.52741330816668,
    12.071168983001026,
    11.238044576318991,
    3.047763901454625,
    2.3309167773182145,
    8.32519426895929,
    7.242145318342146,
    0.7071067292022085,
    0.7071067292022083,
    0.6995741336295105,
    0.6814215157035337,
    0.4526791443406442,
    0.47136574919333435,
    0.15809352730462994
  ],
  "target_mean": {
    "Hog_office_Lizzie": 88.1822649017512,
    "Hog_office_Myles": 53.44464663323193,
    "Hog_office_Sydney": 123.29833947216972
  },
  "target_std": {
    "Hog_office_Lizzie": 35.53435668728838,
    "Hog_office_Myles": 24.153754758849562,
    "Hog_office_Sydney": 25.326503248022238
  }
}